{
    "epoch": 50.0,
    "eval_accuracy_background": 0.978784317013419,
    "eval_accuracy_biofilm": 0.9603030144248816,
    "eval_iou_background": 0.9754554634753542,
    "eval_iou_biofilm": 0.7702204262549363,
    "eval_loss": 0.07854125648736954,
    "eval_mean_accuracy": 0.9695436657191503,
    "eval_mean_iou": 0.8728379448651452,
    "eval_overall_accuracy": 0.9773213119642832,
    "eval_runtime": 73.8981,
    "eval_samples_per_second": 7.592,
    "eval_steps_per_second": 0.961,
    "train_loss": 0.03351297795772552,
    "train_runtime": 14600.1261,
    "train_samples_per_second": 7.671,
    "train_steps_per_second": 0.959
}